Workbook

Sheet Recap
A1: Qui | B1: SUM de Estimation | C1: SUM de Temps passé | D1: SUM de Reste à faire
A2: Moi | B2: ='Detail Avancement'!H53 -> 5290 | C2: ='Detail Avancement'!I53 -> 5290 | D2: ='Detail Avancement'!J53 -> 0
A3: Total général | B3: =B2 -> 5290 | C3: =C2 -> 5290 | D3: =D2 -> 0
A5: Avancement | B5: =C3/B3 -> 1

Sheet Avancement
A1: estimation total | B1: temps passé total | C1: reste à faire total | D1: avancement | E1: dépassement
A2: =Recap!B3 -> 5290 | B2: =Recap!C3 -> 5290 | C2: =Recap!D3 -> 0 | D2: =Recap!B5 -> 1 | E2: 0%

Sheet Liste des taches
A1: Ligne | B1: Total | C1: 46154 | D1: 46155 | E1: 46156 | F1: 46157 | G1: 46158 | H1: 46159
A2: 1 | B2: ='Detail Avancement'!H2 -> 20 | C2: 20 | D2: 0 | E2: 0 | F2: 0 | G2: 0 | H2: 0
A3: 2 | B3: ='Detail Avancement'!H3 -> 20 | C3: 20 | D3: 0 | E3: 0 | F3: 0 | G3: 0 | H3: 0
A4: 3 | B4: ='Detail Avancement'!H4 -> 40 | C4: 40 | D4: 0 | E4: 0 | F4: 0 | G4: 0 | H4: 0
A5: 4 | B5: ='Detail Avancement'!H5 -> 20 | C5: 20 | D5: 0 | E5: 0 | F5: 0 | G5: 0 | H5: 0
A6: 5 | B6: ='Detail Avancement'!H6 -> 15 | C6: 15 | D6: 0 | E6: 0 | F6: 0 | G6: 0 | H6: 0
A7: 6 | B7: ='Detail Avancement'!H7 -> 25 | C7: 25 | D7: 0 | E7: 0 | F7: 0 | G7: 0 | H7: 0
A8: 7 | B8: ='Detail Avancement'!H8 -> 30 | C8: 0 | D8: 30 | E8: 0 | F8: 0 | G8: 0 | H8: 0
A9: 8 | B9: ='Detail Avancement'!H9 -> 30 | C9: 0 | D9: 30 | E9: 0 | F9: 0 | G9: 0 | H9: 0
A10: 9 | B10: ='Detail Avancement'!H10 -> 60 | C10: 0 | D10: 60 | E10: 0 | F10: 0 | G10: 0 | H10: 0
A11: 10 | B11: ='Detail Avancement'!H11 -> 40 | C11: 0 | D11: 40 | E11: 0 | F11: 0 | G11: 0 | H11: 0
A12: 11 | B12: ='Detail Avancement'!H12 -> 80 | C12: 0 | D12: 0 | E12: 80 | F12: 0 | G12: 0 | H12: 0
A13: 12 | B13: ='Detail Avancement'!H13 -> 20 | C13: 0 | D13: 0 | E13: 20 | F13: 0 | G13: 0 | H13: 0
... A52: 51 | B52: ='Detail Avancement'!H52 -> 70 | C52: 0 | D52: 0 | E52: 0 | F52: 0 | G52: 0 | H52: 70

Sheet Detail Avancement
A1: Ligne | B1: Catégorie | C1: Module | D1: Page | E1: Description tâche | F1: Type | G1: Qui | H1: Estimation (min) | I1: Temps passé (min) | J1: Reste à faire (min) | K1: Avancement
A2: =1 -> 1 | B2: Setup | C2: Config | D2: - | E2: Configuration des environnements (.env.back, .env.front) | F2: Base | G2: Moi | H2: 20 | I2: =H2 -> 20 | J2: =H2-I2 -> 0 | K2: =IF(H2>0, I2/H2, 0) -> 1
A3: 2 | B3: Shared | C3: API | D3: - | E3: Implémentation du client Axios intercepté pour PrestaShop | F3: Infrastructure | G3: Moi | H3: 20 | I3: =H3 -> 20 | J3: =H3-I3 -> 0 | K3: =IF(H3>0, I3/H3, 0) -> 1
A4: =A3+1 -> 3 | B4: Shared | C4: XML | D4: - | E4: Développement du Serializer JS vers XML (PrestaShop Format) | F4: Infrastructure | G4: Moi | H4: 40 | I4: =H4 -> 40 | J4: =H4-I4 -> 0 | K4: =IF(H4>0, I4/H4, 0) -> 1
A5: =A4+1 -> 4 | B5: Shared | C5: XML | D5: - | E5: Configuration de fast-xml-parser pour les réponses API | F5: Infrastructure | G5: Moi | H5: 20 | I5: =H5 -> 20 | J5: =H5-I5 -> 0 | K5: =IF(H5>0, I5/H5, 0) -> 1
A6: =A5+1 -> 5 | B6: Shared | C6: Utils | D6: - | E6: Utilitaire extractIdValue pour gestion xlink:href | F6: Base | G6: Moi | H6: 15 | I6: =H6 -> 15 | J6: =H6-I6 -> 0 | K6: =IF(H6>0, I6/H6, 0) -> 1
A7: =A6+1 -> 6 | B7: Shared | C7: Utils | D7: - | E7: Utilitaire extractLanguageValue pour champs multilingues | F7: Base | G7: Moi | H7: 25 | I7: =H7 -> 25 | J7: =H7-I7 -> 0 | K7: =IF(H7>0, I7/H7, 0) -> 1
A8: =A7+1 -> 7 | B8: Backoffice | C8: Auth | D8: Login | E8: Structure HTML/CSS du formulaire de login | F8: Affichage | G8: Moi | H8: 30 | I8: =H8 -> 30 | J8: =H8-I8 -> 0 | K8: =IF(H8>0, I8/H8, 0) -> 1
A9: =A8+1 -> 8 | B9: Backoffice | C9: Auth | D9: Login | E9: Valeurs par défaut Admin (Email/Pass) en dev | F9: Affichage | G9: Moi | H9: 30 | I9: =H9 -> 30 | J9: =H9-I9 -> 0 | K9: =IF(H9>0, I9/H9, 0) -> 1
A10: =A9+1 -> 9 | B10: Backoffice | C10: Auth | D10: Store | E10: Implémentation de adminAuthStore (Pinia) | F10: Métier | G10: Moi | H10: 60 | I10: =H10 -> 60 | J10: =H10-I10 -> 0 | K10: =IF(H10>0, I10/H10, 0) -> 1
A11: =A10+1 -> 10 | B11: Backoffice | C11: Router | D11: Guard | E11: Protection des routes par navigation guard | F11: Intégration | G11: Moi | H11: 40 | I11: =H11 -> 40 | J11: =H11-I11 -> 0 | K11: =IF(H11>0, I11/H11, 0) -> 1
A12: =A11+1 -> 11 | B12: Backoffice | C12: Import | D12: ImportPage | E12: UI de téléversement Drag&Drop pour 4 fichiers | F12: Affichage | G12: Moi | H12: 80 | I12: =H12 -> 80 | J12: =H12-I12 -> 0 | K12: =IF(H12>0, I12/H12, 0) -> 1
A13: =A12+1 -> 12 | B13: Backoffice | C13: Import | D13: Validator | E13: Vérification de conformité des noms de colonnes | F13: Métier | G13: Moi | H13: 20 | I13: =H13 -> 20 | J13: =H13-I13 -> 0 | K13: =IF(H13>0, I13/H13, 0) -> 1
A14: =A13+1 -> 13 | B14: Backoffice | C14: Import | D14: Validator | E14: Validation stricte format date DD/MM/YYYY | F14: Métier | G14: Moi | H14: 90 | I14: =H14 -> 90 | J14: =H14-I14 -> 0 | K14: =IF(H14>0, I14/H14, 0) -> 1
A15: =A14+1 -> 14 | B15: Backoffice | C15: Import | D15: Validator | E15: Contrôle des montants (prix_ttc > 0) | F15: Métier | G15: Moi | H15: 60 | I15: =H15 -> 60 | J15: =H15-I15 -> 0 | K15: =IF(H15>0, I15/H15, 0) -> 1
... A52: =A51+1 -> 51 | B52: Integration | C52: QA | D52: - | E52: Validation finale du workflow client complet | F52: Validation | G52: Moi | H52: 70 | I52: =H52 -> 70 | J52: =H52-I52 -> 0 | K52: =IF(H52>0, I52/H52, 0) -> 1
G53: TOTAL | H53: =SUM(H2:H52) -> 5290 | I53: =SUM(I2:I52) -> 5290 | J53: =SUM(J2:J52) -> 0 | K53: =I53/H53 -> 1
